No,Code,Latitude,Longitude,Elivation Mt.,Location,OpenDate,Notes - İstasyon Kurulumunu Yapanlar,Sensor and Digitizer,Netwok Code,SensorType,Registry,Status,CloseDate,fType
1,BOZU,39.9107,30.0325,850,Bozuyuk,20120501,AnadoluUniv.,T6761/C054,AU,[B] 6T/CMG-CD24,YES,OPEN,OnSite,HZ
2,CIFT,39.3612,31.0626,895,Cifteler-ESKISEHIR,20130313,Anadolu Univ,T37501/A4284,AU,[B] 3TD/CMG-DM24,YES,OPEN,OnSite,HZ
3,KUTH,39.3955,30.0213,1300,Kutahya,20120501,AnadoluUniv.,T6760/C050,AU,[B] 6T/CMG-CD24,YES,OPEN,OnSite,HZ
4,MIHA,39.868,31.4832,850,Mihaliccik,20120501,AnadoluUniv.,T6763/C053,AU,[B] 6T/CMG-CD24,YES,OPEN,OnSite,HZ
5,SIVR,39.4398,31.5395,1061,Sivrihisar,20120501,AnadoluUniv.,T6753/C049,AU,[B] 6T/CMG-CD24,YES,OPEN,OnSite,HZ
6,SRCK,40.0417,30.6259,331,Saricakayalar-ESKISEHIR,20130313,Anadolu Univ.,T37535/A4285,AU,[B] 3TD/CMG-DM24,YES,OPEN,OnSite,HZ
7,JMB,42.4667,26.5833,216,BS_JMB,20040401,Bulgaristan,xxx/yyy,BS,[B] CMG-40T/CMG-DM24,YES,OPEN,OnSite,HZ
8,KDZ,41.6303,25.3397,340,BS_KDZ,20040101,Bulgaristan,xxx/yyy,BS,[B] 3ESPC/REFTEK-130,YES,OPEN,OnSite,HZ
9,PLD,42.1049,24.7031,176,BS_PLD,20040401,Bulgaristan,xxx/yyy,BS,[B] CMG-40T/CMG-DM24,YES,OPEN,OnSite,HZ
10,PSN,43.6375,28.1359,180,BS_PSN,20060101,Bulgaristan,xxx/yyy,BS,[B] KS2000/REFTEK-130,YES,OPEN,OnSite,RAD
11,OSC1,33.5,31.2768,0,OBS AKDENIZ,19900101,Güney KIBRIS,T35821/A1359,CQ,[B] 3T/CMG-DM24,YES,OPEN,OnSite,HZ
12,OSC2,33.0749,32.2669,0,OBS AKDENIZ,19900101,Güney KIBRIS,T35821/A1359,CQ,[B] 3T/CMG-DM24,YES,OPEN,OnSite,HZ
13,APE,37.0727,25.523,608,YUNANISTAN,19981023,GFZ,xxx/yyy,GE,[B] STS-2/PS6-SC,YES,OPEN,OnSite,RAD
14,CSS,34.9622,33.3307,396,Güney Kibris,19990721,GFZ,xxx/yyy,GE,[B] STS-2/Q380,YES,OPEN,OnSite,RAD
15,EIL,29.6699,34.9512,210,Israil,20000101,GFZ,xxx/yyy,GE,[B] STS-2/Q330,YES,OPEN,OnSite,RAD
16,GVD,34.8392,24.0873,180,GE_GVD,19991101,GFZ,xxx/yyy,GE,[B] STS-2/PS6-SC,YES,OPEN,OnSite,RAD
17,IMMV,35.4607,23.9812,230,Girit,20100716,GFZ,xxx/yyy,GE,[B] STS-2/PS6-SC,YES,OPEN,OnSite,RAD
18,ISP,37.8446,30.5089,1155,Isparta,19980101,GFZ,01000010FA80E0FF/yyy,GE,[B] STS-1/Q330,YES,OPEN,OnSite,RAD
19,KARN,35.4018,23.9174,420,GE_KARN,20000101,GFZ,xxx/yyy,GE,[B] STS-2/Q4120,YES,OPEN,OnSite,RAD
20,KARP,35.5471,27.161,524,GE_KARP,20080405,GFZ,xxx/yyy,GE,[B] STS-2/PS6-SC,YES,OPEN,OnSite,RAD
21,KTHA,36.2566,23.0621,360,GE_KTHA,20130618,GFZ,xxx/yyy,GE,[B] STS-2/PS6-SC,YES,OPEN,OnSite,RAD
22,SANT,36.371,25.459,540,GE_SANT,19970620,GFZ,xxx/yyy,GE,[B] STS-2/PS6-SC,YES,OPEN,OnSite,RAD
23,SIVA,35.0178,24.812,95,GE_SIVA,20041201,GFZ,xxx/yyy,GE,[B] CMG-3ESPC/PS6-SC,YES,OPEN,OnSite,RAD
24,TIRR,44.4582,28.4128,77,GE_TIRR,20000101,GFZ,xxx/yyy,GE,[B] STS-2/PS6-SC,YES,OPEN,OnSite,RAD
25,UJAP,31.952,35.4644,0,Israil,19000101,GFZ,NA,GE,SensorType,Registry,Status,CloseDate,HZ
26,ZKR,35.1147,26.217,270,GE_ZKR,20100718,GFZ,xxx/yyy,GE,[B] STS-2/PS6-SC,YES,OPEN,OnSite,RAD
27,AKH,41.4097,43.4928,1708,TI_AKHA,20080910,GURCISTAN,T34766/C038,GO,[B] 3T/CMG-DM24,YES,OPEN,OnSite,HZ
28,BATM,41.604,41.6936,268,Batum-Gürcistan,19900101,GURCISTAN,T34766/C038,GO,[B] 3T/CMG-DM24,YES,OPEN,OnSite,HZ
29,CHVG,42.84,42.718,390,GEORGIA,20090601,GURCISTAN,xxx/yyy,GO,[B] 6T/CMG-CD24,YES,OPEN,OnSite,HZ
30,DGRG,41.4507,45.3728,690,,19900101,GURCISTAN,T4F58/D0920,GO,[B] 40T/CMG-DM24,YES,OPEN,OnSite,HZ
31,ONI,42.5903,43.4525,810,Gürcistan,20040930,GURCISTAN,T3F32/xxx,GO,[B] CMG-3T/gmsys2009,YES,OPEN,OnSite,HZ
32,TBLG,41.731,44.738,580,TI_DELI,20000101,GURCISTAN,T3E90/DA15,GO,[B] CMG-3T/CMG-DM24,YES,OPEN,OnSite,HZ
33,GVDS,34.8389,24.0585,348,Crete,19900101,HSNC Netok Istasyonu,xxx/yyy,HC,[B] CMG-3ESPC/REFTEK-130,YES,OPEN,OnSite,RAD
34,HRKL,35.3115,25.1015,81,Crete-Girit,19900101,HSNC Network Istasyonu,xxx/yyy,HC,[B] 3ESPC/REFTEK-130,YES,OPEN,OnSite,HZ
35,KNDR,35.2348,23.6248,14,Crete-Girit,19900101,HSNC Network Istasyonu,xxx/yyy,HC,[B] CMG-3ESPC/REFTEK-130,YES,OPEN,OnSite,RAD
36,KOSK,36.7516,26.9785,10,Crete-Girit,19900101,HSNC Netwrok Istasyonu,xxx/yyy,HC,[B] 3ESPC/REFTEK-130,YES,OPEN,OnSite,HZ
37,RODP,35.5604,23.7577,308,Crete,19900101,HSNC Netok Istasyonu,xxx/yyy,HC,[B] CMG-3ESPC/REFTEK-130,YES,OPEN,OnSite,RAD
38,THT2,36.4351,25.4218,24,Crete,19900101,HSNC Netok Istasyonu,xxx/yyy,HC,[B] CMG-3ESPC/REFTEK-130,YES,OPEN,OnSite,RAD
39,ARG,36.216,28.126,170,YUNANISTAN,19971014,Atina-Yunanistan,xxx/yyy,HL,[B] Le3D/HDR24-SC,YES,OPEN,OnSite,RAD
40,ATH,37.9738,23.7177,0,YUNANISTAN,20100302,Atina-Yunanistan,NA,HL,BB,YES,OPEN,OnSite,HZ
41,ITM,37.1787,21.9252,423,YUNANISTAN,19970605,Atina-Yunanistan,xxx/yyy,HL,[B] STS-2/HDR24-SC,YES,OPEN,OnSite,RAD
42,KEK,39.7127,19.7962,227,YUNANISTAN,20070714,Atina-Yunanistan,xxx/yyy,HL,[B] STS-2/HDR24-SC,YES,OPEN,OnSite,RAD
43,LAST,35.162,25.478,870,YUNANISTAN,20040622,Atina-Yunanistan,xxx/yyy,HL,[B] 40T/PS6-SC,YES,CLOSED,20110720,HZ
44,LIA,39.8972,25.1805,67,YUNANISTAN,20100101,Atina-Yunanistan,xxx/yyy,HL,[B] CMG-3ESPC/PS6-SC,YES,OPEN,OnSite,HZ
45,NISR,36.6106,27.1309,48,YUNANISTAN,20100615,Atina-Yunanistan,xxx/yyy,HL,[B] 40T/PS6-SC,YES,OPEN,OnSite,HZ
46,NVR,41.3485,23.8652,627,YUNANISTAN,20101207,Atina-Yunanistan,xxx/yyy,HL,[B] 3ESP/CMG-DM24,YES,OPEN,Onsite,HZ
47,PLG,40.3733,23.4444,566,YUNANISTAN,20101208,Atina-Yunanistan,xxx/yyy,HL,[B] 3ESP/CMG-DM24,YES,OPEN,Onsite,HZ
48,PRK,39.2456,26.265,130,YUNANISTAN,20100101,Atina-Yunanistan,xxx/yyy,HL,[B] STS-2/HDR24-SC,YES,OPEN,OnSite,RAD
49,RDO,41.145,25.5355,116,YUNANYSTAN,19981215,Atina-Yunanistan,xxx/yyy,HL,[B] CMG-3ESPC/HDR24-SC,YES,OPEN,OnSite,RAD
50,SMG,37.7042,26.8377,348,YUNANISTAN,20100101,Atina-Yunanistan,xxx/yyy,HL,[B] Trillium 120P/TRIDENT,YES,OPEN,Onsite,HZ
51,SMTH,40.4709,25.5304,365,YUNANISTAN,20100101,Atina-Yunanistan,xxx/yyy,HL,[B] CMG-3ESPC/PS6-SC,YES,OPEN,Onsite,HZ
52,AGG,39.0212,22.336,622,HT_AGG,20070112,SELANIK,xxx/yyy,HT,[B] CMG-3ESP/TRIDENT,YES,OPEN,OnSite,HZ
53,ALN,40.8957,26.0497,110,HT_ALN,20070201,SELANIK,xxx/yyy,HT,[B] CMG-3ESP/TRIDENT,YES,OPEN,OnSite,HZ
54,AOS,39.1654,23.8639,230,HT_AOS,20080410,SELANIK,xxx/yyy,HT,[B] CMG-3ESP/TAURUS,YES,OPEN,OnSite,HZ
55,CHOS,38.3869,26.0506,854,HT_CHOS,20060330,SELANIK,xxx/yyy,HT,[B] CMG-3ESP/TRIDENT,YES,OPEN,OnSite,HZ
56,FNA,40.7818,21.3935,750,HT_FNA,20070525,SELANIK,xxx/yyy,HT,[B] CMG-3ESP/HRD-24,YES,OPEN,OnSite,HZ
57,GRG,40.9558,22.4028,600,HT_GRG,20070430,SELANIK,xxx/yyy,HT,[B] CMG-3ESP/TAURUS,YES,OPEN,OnSite,HZ
58,HORT,40.5978,23.0995,925,HT_HORT,20000101,SELANIK,xxx/yyy,HT,[B] CMG-3ESP/TRIDENT,YES,OPEN,OnSite,HZ
59,IGT,39.5315,20.33,270,HT_IGT,20080212,SELANIK,xxx/yyy,HT,[B] CMG-3ESP/HRD-24,YES,OPEN,OnSite,HZ
60,KNT,41.162,22.898,380,HT_KNT,20080604,SELANIK,xxx/yyy,HT,[B] CMG-3ESP/HRD-24,YES,OPEN,OnSite,HZ
61,NIS1,36.6023,27.1782,378,HT_NIS1,20080524,SELANIK,xxx/yyy,HT,[B] CMG-3ESP/TAURUS,YES,OPEN,OnSite,HZ
62,OUR,40.3325,23.9791,117,HT_OUR,20080422,SELANIK,xxx/yyy,HT,[B] CMG-3ESP/TRIDENT,YES,OPEN,OnSite,HZ
63,PAIG,39.9363,23.6768,213,,19900101,SELANIK,xxx/yyy,HT,[B] CMG-3ESP/TAURUS,YES,OPEN,OnSite,HZ
64,SIGR,39.2114,25.8553,92,HT_SIGR,20071221,SELANIK,xxx/yyy,HT,[B] CMG-3ESP/TRIDENT,YES,OPEN,OnSite,HZ
65,THR1,36.3712,25.4597,522,HT_THR1,20080602,SELANIK,xxx/yyy,HT,[S] S13/TRIDENT,YES,OPEN,OnSite,RAD
66,THR5,36.4172,25.3478,180,HT_THR5,20080602,SELANIK,xxx/yyy,HT,[S] S13/TRIDENT,YES,OPEN,OnSite,RAD
67,KIV,43.9553,42.6863,0,II_KIV,19900101, --,xxx/yyy,II,[B] STS-1/xxx,YES,OPEN,OnSite,RAD
68,BLBS,39.725,33.639,1440,Ankara-Belbasi (Kirikkale-Keskin),19900101,CTBTO,T35092/yyy,IM,[B] CMG-3TB/AIM24S-3,YES,OPEN,OnSite,HZ
69,BR131,39.725,33.639,1440,Ankara-Belbasi,19000101,CTBTO,NA,IM,NA,NA,CLOSED,NA,HZ
70,BRTR,39.725,33.639,1440,Ankara-Belbasi,19000101,CTBTO,NA,IM,NA,NA,CLOSED,NA,HZ
71,HRFI,30.04,35.03,467,IS_HRFI,20031028,ISRAIL,xxx/yyy,IS,[B] STS-2N/Q-4120-M,YES,OPEN,OnSite,RAD
72,KSDI,33.192,35.659,123,GE_KSDI,20020130,ISRAIL,xxx/yyy,IS,[B] STS-2N/Q-4120-M,YES,OPEN,OnSite,RAD
73,KZIT,30.906,34.398,247,IS_KZIT,20031028,ISRAIL,xxx/yyy,IS,[B] STS-2N/Q-4120-M,YES,OPEN,OnSite,RAD
74,MMLI,32.438,35.422,511,IS_MMLI,20031028,ISRAIL,xxx/yyy,IS,[B] STS-2N/Q-4120-M,YES,OPEN,OnSite,RAD
75,ANTO,39.868,32.7937,883,ANKARA,19750101,IU_ANTO,xxx/yyy,IU,[B] KS-36000-I/Q680,YES,OPEN,OnSite,RAD
76,GNI,40.148,44.741,1509,GURCISTAN,20101015,----,xxx/yyy,IU,[B] STS-1/Q330,YES,OPEN,OnSite,RAD
77,ADVT,40.4332,29.7383,193,ABDULVAHAP-IZNIK,20060519,Yavuz GÜNES-Murat BERBEROGLU,T3Y19/A524,KO,[B] 3ESP/CMG-DM24,YES,OPEN,OnSite,HZ
78,AFSR,39.4468,33.0707,1055,AFSAR-BALA-ANKARA,20080905,Yavuz GÜNES,T3G51/D677,KO,[B] 3ESP/CMG-DM24,YES,OPEN,OnSite,HZ
79,AGRB,39.5755,42.992,1820,AGRI,20061121,ZAFER ÖGÜTÇÜ,T3Z08/A646,KO,[B] 3T/CMG-DM24,YES,OPEN,OnSite,HZ
80,AKA3,36.1588,33.5508,141,Akkuyu,20110701,Geçici kod,T5V58/A2538,KO,[A] 5T/CMG-DM24,YES,CLOSED,20190726,HZ
81,AKDA,40.1034,41.3636,1882,ERZURUM,19000101,ERZURUM,T6I83/C2655,KO,[B] 6T/CMG-CD24,YES,OPEN,OnSite,HZ
82,AKDM,38.3285,42.98,1662,Akdamar,20121129,Notes,T33971/B086,KO,[B] 3ESP/CMG-DM24,YES,OPEN,OnSite,HZ
83,AKDN,35.2977,32.9677,85,KKTC-AKDENIZ,20080101,"MY, MS",T5H84/C780,KO,[A] 5TD/CMG-CD24,YES,OPEN,OnSite,HZ
84,AKIN,35.0157,33.4662,225,KKTC-AKINCILAR,20080101,"MY, MS",T5H81/C786,KO,[A] 5TD/CMG-CD24,YES,OPEN,OnSite,HZ
85,AKK1,36.161,33.5757,7,Akkuyu,20110701,Dogan Kalafat-Murat Suvarikli-Zafer ÖGÜTÇÜ,T5AF5/C2231,KO,[A] 5TD/CMG-CD24,YES,OPEN,OnSite,HZ
86,AKK2,36.1461,33.5457,33,Akkuyu,20110701,Dogan Kalafat-Murat Suvarikli-Zafer ÖGÜTÇÜ,T5BR5/C2516,KO,[A] 5TD/CMG-CD24,YES,OPEN,OnSite,HZ
87,AKKU,36.1588,33.5508,141,AKKUYU Vel,20110701,DOGAN-ZAFER-MURAT,T36893/A2538,KO,[B] 3ESPC/CMG-DM24,YES,CLOSED,20190713,HZ
88,AKS,38.8785,27.8129,385,AKHISAR MANISA,20111005,ZAFER ÖGÜTÇÜ-NAFIZ KAFADAR,T5U82/C1494,KO,[A] 5TD/CMG-CD24,YES,OPEN,OnSite,HZ
89,ALAN,36.557,32.0327,215,Alanya-ANTALYA,20110810,Ivme Olcer,T5V18/C1469,KO,[A] 5TD/CMG-CD24,YES,OPEN,OnSite,HZ
90,ALT,39.0541,30.1104,1060,Altintas,20200225,MS-ÖÇ,T5U95/C1529,KO,[A] 5TD/CMG-CD24,YES,OPEN,OnSite,HZ
91,ANTB,36.8998,30.6538,20,ANTALYA,20050105,Jeofizik ABD,T3721/D0946,KO,[B] 3T/CMG-DM24,YES,OPEN,OnSite,HZ
92,APMY,37.4717,29.3018,930,Acipayam-DENIZLI,20160531,"MS, ZÖ, ÖÇ",T6R04/C3620,KO,[B] 6T/CMG-CD24,YES,OPEN,OnSite,HZ
93,ARMT,40.5683,28.866,320,ARMUTLU-YALOVA,20071217,Yavuz GÜNES-Dogan KALAFAT,[T33973/DC60]-[T5GL2/A6483],KO,[BA] [3ESP]-[5T]/[CMG-DM24]-[CMG-DM24],YES,OPEN,OnSite,HZ
94,ARMU,40.5088,28.838,1,Armutlu-YALOVA,20240325,"IRAP -ivme-selevel-meteo Ozkan C,Mehmet G, Hasan D, SENTEZ",6700/yyy,KO,[A] ACEBOX/SL06,YES,OPEN,OnSite,HZ
95,ARPR,39.0929,38.3356,1522,Arapgir-MALATYA,20130901,Ivme Olcer,[xxx/yyy]-[T5V10/C1498],KO,[BA] [STS-2]-[5TD]/[Q380]-[CMG-CD24],YES,OPEN,OnSite,HZ
96,ASYA,40.8956,27.465,2,ASYAPORT-Barbaros-Suleymanpasa-TEKIRDAG,20210321,Dogan Kalafat-Ozkan Cok - SEALEVEL+IVME ,4010/yyy,KO,[A] ACEBOX/SL06,YES,OPEN,OnSite,HZ
97,ATA5,39.9046,41.2447,1857,ERZURUM,19000101,ERZURUM,T5809 / DE06,KO,[A] 5TD/CMG-DM24,YES,OPEN,OnSite,HZ
98,ATAM,40.9688,28.875,1,Atakoy-ISTANBUL,20240315,"IRAP -ivme-selevel-meteo Murat S,Mehmet G, Hasan D, SENTEZ",6706/yyy,KO,[A] ACEBOX/SL06,YES,OPEN,OnSite,HZ
99,AVCI,40.9958,28.7225,90,Avcylar-Istanbul Univ.,20140129,Istanbul UNiv. Avcilar Kampusu,T5V01/C1493,KO,[A] 5TD/CMG-CD24,YES,OPEN,OnSite,HZ
100,AYDB,37.9467,27.8908,1246,AYDIN,20091003,Yavuz GÜNES,T35810/A1296,KO,[B] 3ESPC/CMG-DM24,YES,OPEN,OnSite,HZ
101,BABD,37.802,28.8531,900,Babadag-DENIZLI,20201223,"Dogan Kalafat, Murat Suvarikli - Özkan Çok",T6X87/C4451,KO,[B] 6T/CMG-CD24,YES,OPEN,OnSite,HZ
102,BAKL,37.9793,29.6135,1032,Baklan- DENIZLI,20201223,"Dogan Kalafat, Murat Suvarikli - Özkan Çok",T6W67/C4342,KO,[B] 6T/CMG-CD24,YES,OPEN,OnSite,HZ
103,BALB,39.6507,27.8642,266,BALIKESIR,20030411,"MS,OC_SP-IVME oldu.",[T4X33/A4002]-[T5CH8/A4177],KO,[SA] [40T]-[5T]/[CMG-DM24]-[CMG-DM24],YES,OPEN,OnSite,HZ
104,BASM,37.9194,30.035,897,Basmakci-Afyon,20131121,IVME ve 40T birarada,[T4X37/A4004]-[T5CH6/A4158],KO,[SA] [40T]-[5T]/[CMG-DM24]-[CMG-DM24],YES,OPEN,OnSite,HZ
105,BAYT,40.3937,40.141,1680,BAYBURT,20080912,Yavuz GÜNES,T35520/C830,KO,[B] 3ESPC/CMG-DM24,YES,OPEN,OnSite,HZ
106,BBRN,36.6796,28.0587,194,Bozburun-Marmaris-MUGLA,20130116,Ivme Olcer,T5BS0/C2525,KO,[A] 5TD/CMG-CD24,YES,CLOSED,20131225,HZ
107,BCA,41.445,41.6223,500,Borcka,20060524,----,T3Z65/A539,KO,[B] 3ESP/CMG-DM24,YES,OPEN,OnSite,HZ
108,BCK,37.4602,30.5885,858,BCK,20231215,20070329 BB OLARAK KURULDU- 20231215 SM OLDU,T5U81/C1521,KO,[A] 5T/CMG-DM24,YES,OPEN,OnSite,HZ
109,BECA,36.1562,33.5595,217,AKKUYU MERKEZ IVME (YENI YER),20190727,Yavuz GÜNES-Dogan KALAFAT,T5V58/A2538,KO,[A] 5T/CMG-DM24,YES,OPEN,OnSite,HZ
110,BECE,36.1562,33.5595,217,AKKUYU MERKEZ HIZ (YENI YER),20190727,Yavuz GÜNES-Dogan KALAFAT,T36893/A2538,KO,[B] 3ESPC/CMG-DM24,YES,OPEN,OnSite,HZ
111,BERE,36.3476,33.2228,1383,Akkuyu,20110701,Dogan Kalafat-Murat Suvarikli-Zafer ÖGÜTÇÜ,T6X78/C4455,KO,[B] 6T/CMG-DM24,YES,OPEN,OnSite,HZ
112,BGKT,41.181,28.773,80,Bogazkoy,20070529,Yavuz GÜNES-Dogan KALAFAT,T33972/A720,KO,[B] 3ESP/CMG-DM24,YES,OPEN,OnSite,HZ
113,BIGA,40.2813,27.1505,60,Biga-CANAKKALE,20191121,IVME OLCER-TOLGA BEKLER,T5DP6/C3134,KO,[A] 5TD/CMG-CD24,YES,OPEN,OnSite,HZ
114,BLCB,38.3853,27.042,150,BALÇOVA-IZMIR,20041004,Jeofizik ABD,T3727/D0935,KO,[B] 3T/CMG-DM24,YES,OPEN,OnSite,HZ
115,BLVD,38.7946,31.095,1220,Tasagil-BOLVADIN-AFYON,20190709,Yavuz Gunes-D.Kalafat-M.Kara,T6V59/C4308,KO,[B] 6T/CMG-CD24,YES,OPEN,OnSite,HZ
116,BMYO,39.8098,26.6009,121,Bayramic-MYO-CANAKKALE,20221121,Tolga BEKLER,T5BN4/C2537,KO,[A] 5T/CMG-DM24,YES,OPEN,OnSite,HZ
117,BNGB,38.9913,40.6792,1180,BINGÖL,20081121,ZAFER ÖGÜTÇÜ-MEHMET KARA,T34563/C640,KO,[B] 3ESPC/CMG-DM24,YES,OPEN,OnSite,HZ
118,BNN,38.8521,35.8472,1380,Bonyan,20070123,----,T3W31/A616,KO,[B] 3T/CMG-DM24,YES,OPEN,OnSite,HZ
119,BODA,37.0348,27.4304,12,Bodrum Belediyesi-MUGLA,20200206,Dogan Kalafat-Ozkan Cok - SEALEVEL+IVME ,3071/yyy,KO,[A] ACEBOX/SL06,YES,OPEN,OnSite,HZ
120,BODM,37.031,27.4246,0,Bodrum-Su Seviyesi-MUGLA,20200206,Dogan Kalafat-Ozkan Cok - SEALEVEL+IVME ,3070/yyy,KO,[A] ACEBOX/SL06,YES,OPEN,OnSite,HZ
121,BODT,37.0622,27.3103,379,BODRUM,20050214,Yavuz GÜNES-Dogan KALAFAT,T3795/DF25,KO,[B] 3ESP/CMG-DM24,YES,OPEN,OnSite,HZ
122,BOLI,40.7175,31.5148,910,BOLU Izzet Baysal Universitesi,20231227,Yavuz GUNES-Dogan Kalafat-Zafer ÖGÜTÇÜ,T6X12/C4398,KO,[B] 6T/CMG-CD24,YES,OPEN,OnSite,HZ
123,BOTS,40.9902,27.981,30,Botas Acc,20110101,--,T5BP7/C2490,KO,[A] 5TD/CMG-CD24,YES,OPEN,OnSite,HZ
124,BOZY,36.1069,32.9763,9,Bozyazi Acc,20110101,Turkcell-Ivme Olcer,T5AG1/C2226,KO,[A] 5TD/CMG-CD24,YES,OPEN,OnSite,HZ
125,BRGA,40.8846,29.065,67,BURGAZ ADA,20120912,DEP.MÜH,T5BT8/C2524,KO,[A] 5TD/CMG-CD24,YES,OPEN,OnSite,HZ
126,BUYA,40.8694,29.1278,40,BUYUK ADA ,20120912,DEP.MUH.,T5BP4/C2515,KO,[A] 5TD/CMG-CD24,YES,OPEN,OnSite,HZ
127,BUYK,41.0168,28.5828,2,Büyükçekmece-İSTANBUL,20210528,Özkan Çok-Murat Suvarıklı SEALEVEL+IVME,4008/yyy,KO,[A] ACEBOX/SL06,YES,OPEN,OnSite,HZ
128,BYKA,40.8738,29.1251,1,Buyukada-ISTANBUL,20240421,"IRAP -ivme-selevel-meteo,Ozkan ç, Mehmet G, Hasan D, SENTEZ",6717/yyy,KO,[A] ACEBOX/SL06,YES,OPEN,OnSite,HZ
129,BZK,41.96,34.0035,158,Bozkurt,20060803,Yavuz GÜNES,T3W27/A649,KO,[B] 3T/CMG-DM24,YES,OPEN,OnSite,HZ
130,CADB,40.9534,29.083,1,Caddebostan-ISTANBUL,20240221,"IRAP -ivme-selevel-meteo Murat-Özkan-Mehmet-Burak, Hasan D,-SENTEZ",6707/yyy,KO,[A] ACEBOX/SL06,YES,OPEN,OnSite,HZ
131,CAME,36.9435,29.3023,1391,Cameli-DENIZLI,20141015,IVME ve 40T Birarada,[T4X35/A3860]-[T5CJ5/A4181],KO,[SA] [40T]-[5T]/[CMG-DM24]-[CMG-DM24],YES,OPEN,OnSite,HZ
132,CANB,40.0167,27.0625,229,,20041201,,T6248/yyy,KO,[B] 6T/CMG-CD24,YES,CLOSED,20061212,HZ
133,CAND,38.9542,26.8031,157,Candarly,20110101,Turkcell-Ivme Olcer,T5U89/C1456,KO,[A] 5TD/CMG-CD24,YES,CLOSED,20200225,HZ
134,CANM,40.0113,27.0529,180,Can-Canakkale,20170222,Canakkale 18 Mart Ivme Short Period,[T4X49/A4097]-[T5CJ2/A4188],KO,[SA] [40T]-[5T]/[CMG-DM24]-[CMG-DM24],YES,OPEN,OnSite,HZ
135,CANT,40.6062,33.6193,815,Cankiri,20061212,Cankiri,T3G53/DC18,KO,[B] 3ESP/CMG-DM24,YES,OPEN,OnSite,HZ
136,CAVI,40.2018,29.8377,670,ÇAVUSKÖY-IZNIK,20070927,Mehmet KARA- Özkan ÇOK,T3W90/A607,KO,[B] 3T/CMG-DM24,YES,OPEN,OnSite,HZ
137,CAYL,40.3745,36.159,750,Cayli-TURHAL-TOKAT,20230713,Murat Suvarikli - Özkan Çok,T6X20/C4406,KO,[B] 6T/CMG-CD24,YES,OPEN,OnSite,HZ
138,CESE,38.3306,26.2997,95,Cesme,20110101,Turkcell-Ivme Olcer,T5U85/C1531,KO,[A] 5TD/CMG-CD24,YES,OPEN,OnSite,HZ
139,CEYT,37.0105,35.7478,100,Ceyhan,20050824,Yavuz GÜNES-Dogan KALAFAT,T3J63/DC38,KO,[B] 3ESP/CMG-DM24,YES,OPEN,OnSite,HZ
140,CHAY,41.0862,40.7253,60,Cayeli Ivme Olcer,20120318,Cayeli Ivme Olcer,T5BN7/C2542,KO,[A] 5TD/CMG-CD24,YES,OPEN,OnSite,HZ
141,CHBY,38.5823,32.8902,1086,CAL,20090601,Yavuz Gunes-Dogan Kalafat - Zafer OgutcuTUZ GOLU PROJESI,T6990/C1019,KO,[B] 6T/CMG-CD24,YES,OPEN,OnSite,HZ
142,CHOM,41.097,40.7612,422,Cayeli Broadband,20120323,Cayeli Istasyonlari,T33976/B088,KO,[B] 3ESP/CMG-DM24,YES,OPEN,OnSite,HZ
143,CLDR,39.144,43.9172,2094,ÇALDIRAN-VAN,20041216,MURAT SUVARIKLI,T3M23/DE26,KO,[B] 3ESP/CMG-DM24,YES,OPEN,OnSite,HZ
144,CMRD,37.6623,34.9902,1234,Camardi-Nigde,20131119,IVME ve 40T birarada,[T4X30/A4092]-[T5CH4/A4178],KO,[SA] [40T]-[5T]/[CMG-DM24]-[CMG-DM24],YES,OPEN,OnSite,HZ
145,CORM,40.1785,34.6302,1292,SUNGURLU-ÇORUM,20041008,Yavuz GÜNES,T3M24/DE27,KO,[B] 3ESP/CMG-DM24,YES,OPEN,OnSite,HZ
146,CRLT,41.129,27.736,230,Corlu,20070801,----,T35497/C809,KO,[B] 3ESP/CMG-DM24,YES,OPEN,OnSite,HZ
147,CRLU,41.1428,27.8215,126,Corlu-TEKIRDAG,20221215,Yavuz Gunes-Dogan Kalafat - Zafer Ogutcu,5410/yyy,KO,[A] ACEBOX/SL06,YES,OPEN,OnSite,HZ
148,CTKS,41.2373,28.5072,47,KESTANELIK-CATALCA,20070928,Yavuz GÜNES-Dogan KALAFAT,T33974/A461,KO,[B] 3ESP/CMG-DM24,YES,OPEN,OnSite,HZ
149,CTTX,41.3422,28.3577,378,,19981020,,T4611/176,KO,[B] 40T/CMG-DM24,YES,CLOSED,20080101,HZ
150,CTYL,41.476,28.2897,77,YALIKÖY - ÇATALCA,20070929,Yavuz GÜNES-Dogan KALAFAT,[T3X32/A652]-[T5U79/C1525],KO,[BA] [3T]-[5TD]/[CMG-DM24]-[CMG-CD24],YES,OPEN,OnSite,HZ
151,CUKT,37.2473,43.6077,1298,Cukurca-HAKKARI,20051001,Sadık_SAHINASLAN-İvme Ölçer konuldu.20240731,[T3P62/A102]-[T5V07/C1476],KO,[BA] [3ESP]-[5TD]/[CMG-DM24]-[CMG-CD24],YES,OPEN,OnSite,HZ
152,CUND,39.336,26.6663,10,Cunda Adasi,20110101,Turkcell-Ivme Olcer,T5V91/C1555,KO,[A] 5TD/CMG-CD24,YES,CLOSED,20141225,HZ
153,CYAG,40.4924,27.9761,1,Cayagzı-Erdek-BALIKESIR,20240402,"IRAP -ivme-selevel-meteo,Burak, Mehmet G, Hasan D, SENTEZ",6716/yyy,KO,[A] ACEBOX/SL06,YES,OPEN,OnSite,HZ
154,DALT,36.7692,28.6372,100,,20040817,,T3V30/A636,KO,[B] 3T/CMG-DM24,YES,CLOSED,20090410,HZ
155,DALY,36.8162,28.6532,100,DALYAN-MUGLA,20090410,Dogan Kalafat-Zafer Ogutcu,T3V40/A595,KO,[B] 3T/CMG-DM24,YES,OPEN,OnSite,HZ
156,DARE,38.5712,37.4832,1080,DARENDE-MALATYA,20070802,MEHMET KARA,T3M84/DF21,KO,[B] 3ESP/CMG-DM24,YES,OPEN,OnSite,HZ
157,DAT,36.7308,27.5767,1100,DATCA-MUGLA,20051008,Yavuz GÜNES-Murat Suvarikli,T35983/A1673,KO,[B] 3T/CMG-DM24,YES,OPEN,OnSite,HZ
158,DATC,36.7584,27.6602,94,Datca,20110101,Turkcell-Ivme Olcer,T5V19/C1515,KO,[A] 5TD/CMG-CD24,YES,OPEN,OnSite,HZ
159,DCCK,40.7984,31.1714,168,Calicuma koyu-Duzce Merkez,20221126, Ahmet Korkmaz,T6U35/C4158,KO,[B] 6T/CMG-CD24,YES,OPEN,OnSite,HZ
160,DEGR,40.4518,27.1547,1,Degirmencik-Biga-CANAKKALE,20240417,"IRAP -ivme-selevel-meteo,Mehmet G, Burak A, Hasan D, SENTEZ",6708/yyy,KO,[A] ACEBOX/SL06,YES,OPEN,OnSite,HZ
161,DEMR,36.2365,29.9056,168,Demre-ANTALYA,20110810,Turkcell Ivme,T5U94/C1465,KO,[A] 5TD/CMG-CD24,YES,OPEN,OnSite,HZ
162,DENT,37.7539,29.0331,621,DENIZLI,20111005,----,T5V15/C1511,KO,[A] 5TD/CMG-CD24,YES,CLOSED,20140101,HZ
163,DGNL,40.5209,27.7484,1,Doganlar-Erdek-BALIKESIR,20240402,"IRAP -ivme-selevel-meteo,Burak, Mehmet G, Hasan D, SENTEZ",6712/yyy,KO,[A] ACEBOX/SL06,YES,OPEN,OnSite,HZ
164,DIDI,37.3767,27.2398,75,Didim,20110101,Turkcell-Ivme Olcer,T5V04/C1470,KO,[A] 5TD/CMG-CD24,YES,OPEN,OnSite,HZ
165,DIKM,41.6497,35.2578,261,DIKMEN-SAMSUN,20060627,ZAFER ÖGÜTÇÜ,T3V34/A611,KO,[B] 3T/CMG-DM24,YES,OPEN,OnSite,HZ
166,DISK,40.844,31.0422,130,ihsaniye koyu-Duzce,20221125, Ahmet Korkmaz,T6U48/C4164,KO,[B] 6T/CMG-CD24,YES,OPEN,OnSite,HZ
167,DKAK,40.7978,31.0882,123,Kusacmasi koyu-Duzce,20221125, Ahmet Korkmaz,T6U47/C4167,KO,[B] 6T/CMG-CD24,YES,OPEN,OnSite,HZ
168,DKL,39.0713,26.9053,35,Dikili Izmir,20100722,Sentez Tarafindan kuruldu,T35847/A1679,KO,[B] 3ESPC/CMG-DM24,YES,OPEN,OnSite,HZ
169,DOGC,41.3949,26.9852,81,Doganca Koyu_Pehlivankoy_Kirklareli,20220701,Dogan Kalafat - Murat Suvarikli - Ozkan Cok,T5V03/C1489,KO,[A] 5TD/CMG-CD24,YES,OPEN,OnSite,HZ
170,DORT,36.826,36.1968,27,Dortyol-Hatay,20110101,Turkcell-Ivme Olcer,T5V01/C1493,KO,[A] 5TD/CMG-CD24,YES,CLOSED,20131225,HZ
171,DST,39.6041,28.6267,693,Dursunbey,20111005,----,T5V00/C1491,KO,[A] 5TD/CMG-CD24,YES,OPEN,OnSite,HZ
172,DYBB,37.9532,40.1393,657,DIYARBAKIR,20091210,ZAFER ÖGÜTÇÜ-Murat Suvarikli,T3V82/A645,KO,[B] 3T/CMG-DM24,YES,OPEN,OnSite,HZ
173,DYZL,40.7803,30.9783,149,yazlik koy-Duzce,20221125, Ahmet Korkmaz,T6U36/C4159,KO,[B] 6T/CMG-CD24,YES,OPEN,OnSite,HZ
174,EDAM,39.8955,41.2588,1923,ERZURUM,20160101,ERZURUM,NA,KO,[B] 6T/CMG-CD24,YES,OPEN,OnSite,HZ
175,EDC,40.3465,27.8618,257,Edincik,20081207,----,[T3V30/A636]-[T5GK8/A6480],KO,[BA] [3T]-[5TD]/[CMG-DM24]-[CMG-DM24],YES,OPEN,OnSite,HZ
176,EDRB,41.8469,26.7437,209,EDIRNE,20020327,T3727/D258,T3X68/A606,KO,[B] 3T/CMG-DM24,YES,OPEN,OnSite,HZ
177,EJDE,39.8337,41.3035,3150,ERZURUM,19000101,ERZURUM,T6I76/C2658,KO,[B] 6T/CMG-CD24,YES,OPEN,OnSite,HZ
178,ELL,36.7483,29.9085,1230,Elmali,20060920,----,T3W28/A593,KO,[B] 3T/CMG-DM24,YES,OPEN,OnSite,HZ
179,EMRE,40.0302,40.9762,2071,ERZURUM,19000101,ERZURUM,T6K19/C2854,KO,[B] 6T/CMG-CD24,YES,OPEN,OnSite,HZ
180,ENEZ,40.7362,26.153,100,ENEZ - EDIRNE,20060621,Murat Suvarikli,T3W94/A594,KO,[B] 3T/CMG-DM24,YES,OPEN,OnSite,HZ
181,ENZZ,40.607,26.1406,11,Enez,20110101,Turkcell-Ivme Olcer,T5V36/C1463,KO,[A] 5TD/CMG-CD24,YES,OPEN,OnSite,HZ
182,ERBG,40.712,36.6768,510,ERBAA - TOKAT ,20201210,Murat Suvarikli - Özkan Çok,T5U84/C1467,KO,[A] 5T/CMG-CD24,YES,OPEN,OnSite,HZ
183,ERCV,39.0198,43.3381,1679,ERCIS-VAN,20111025,IVME OLCER-D.Kalafat-Murat Suvarikli-Zafer Ogutcu,T5V07/C1476,KO,[A] 5TD/CMG-CD24,YES,CLOSED,20240731,HZ
184,EREN,35.5292,34.1742,88,KKTC-ERENKÖY,20070321,MEHMET YILMAZER,T3W26/A597,KO,[B] 3T/CMG-DM24,YES,OPEN,OnSite,HZ
185,ERIK,40.6708,26.5132,38,ERIKLI-EDIRNE,20080702,ZAFER ÖGÜTÇÜ,T35502/C802,KO,[B] 3ESP/CMG-DM24,YES,OPEN,OnSite,HZ
186,ERZM,39.9045,41.3622,0,ERZURUM,19000101,ERZURUM,Sensor/Digitizer,KO,[S] S13/TRIDENT,YES,OPEN,OnSite,HZ
187,ERZN,39.5867,39.722,1317,ERZINCAN,20081015,Murat Suvarikli,T35495/C805,KO,[B] 3ESP/CMG-DM24,YES,OPEN,OnSite,HZ
188,ESGZ,38.4299,39.0625,1572,SIVRICE- ELAZIG,20200214,DEPREM MUH. ELAZIG IVME,T5KU8/A7320,KO,[A] 5T/CMG-DM24,YES,CLOSED,20201027,HZ
189,ESIJ,38.4485,39.3112,1296,SIVRICE- ELAZIG,20200214,DEPREM MUH. ELAZIG IVME,T5KW9/A7341,KO,[A] 5T/CMG-DM24,YES,CLOSED,20201027,HZ
190,ESKT,39.5212,30.8492,1295,ESKISEHIR,20111125,----,T5V14/C1513,KO,[A] 5TD/CMG-CD24,YES,OPEN,OnSite,HZ
191,ESKY,40.5918,28.9071,2,Esenköy-Çinarcik-YALOVA,20210620,Murat Suvarikli - Özkan Çok,T5DP7/C3133,KO,[A] 5T/CMG-CD24,YES,OPEN,OnSite,HZ
192,ESNS,40.6183,28.9532,1,Esenkoy-YALOVA,20240325,"IRAP -ivme-selevel-meteo Ozkan C,Mehmet G, Hasan D, SENTEZ",6704/yyy,KO,[A] ACEBOX/SL06,YES,OPEN,OnSite,HZ
193,ESPY,40.9167,38.7273,430,ESPIYE-GIRESUN,20070302,Yavuz GÜNES,T3P76/A192,KO,[B] 3ESP/CMG-DM24,YES,CLOSED,20190803,HZ
194,EZN,39.8255,26.3246,48,Ezine,20061011,----,T33970/A525,KO,[B] 3ESP/CMG-DM24,YES,OPEN,OnSite,HZ
195,EZNE,39.756,26.3655,75,Ezine-CANAKKALE,20180411,IVME ÖLÇER-TOLGA BEKLER,T5U92/C1528,KO,[A] 5TD/CMG-CD24,YES,OPEN,OnSite,HZ
196,FETI,36.6903,29.096,24,Fethiye,20110101,Turkcell-Ivme Olcer,T5BK8/C2456,KO,[A] 5TD/CMG-CD24,YES,OPEN,OnSite,HZ
197,FETY,36.6353,29.0835,200,FETHYYE-MUGLA,20041203,"D.Kalafat,M.Yilmazer,M.Suvarikli",T3L38/D774,KO,[B] 3ESP/CMG-DM24,YES,OPEN,OnSite,HZ
198,FOCM,38.7131,26.7309,34,Foca,20110101,Turkcell-Ivme Olcer,T5U88/C1495,KO,[A] 5TD/CMG-CD24,YES,OPEN,OnSite,HZ
199,GADA,40.1908,25.8987,59,GOKCEADA,20060705,MEHMET YILMAZER,T35380/C528,KO,[B] 3T/CMG-DM24,YES,OPEN,OnSite,HZ
200,GAZ,37.1721,37.2096,992,G. Antep,20070307,Mehmet Kara,T35846/A1676,KO,[B] 3T/CMG-DM24,YES,OPEN,OnSite,HZ
201,GAZK,40.7479,27.3275,30,Gazikoy- SARKOY- TEKIRDAG,20191223,Murat Suvarikli - Özkan Çok,T6X85/C4454,KO,[B] 6T/CMG-CD24,YES,OPEN,OnSite,HZ
202,GEDZ,39.0445,29.4105,883,GEDIZ,20110601,.....,T6E20/C1705,KO,[B] 6T/CMG-CD24,YES,OPEN,OnSite,HZ
203,GELI,40.398,26.4742,126,GELIBOLU-ÇANAKKALE,20080705,ZAFER ÖGÜTÇÜ,T35498/C801,KO,[B] 3ESP/CMG-DM24,YES,OPEN,OnSite,HZ
204,GELS,40.4108,26.6819,1,Gelibolu-CANAKKALE,20240406,"IRAP -ivme-selevel-meteo,Mehmet G, Burak A, Hasan D, SENTEZ",6713/yyy,KO,[A] ACEBOX/SL06,YES,OPEN,OnSite,HZ
205,GEML,40.4646,29.2116,222,GEMLIK-BURSA,20200611,Murat Suvarikli - Özkan Çok,T3X29/A651,KO,[B] 3T/CMG-DM24,YES,OPEN,OnSite,HZ
206,GEMS,40.4231,29.1526,1,Gemlik-BURSA,20240320,"IRAP -ivme-selevel-meteo Ozkan C,Mehmet G, Hasan D,SENTEZ",6703/yyy,KO,[A] ACEBOX/SL06,YES,OPEN,OnSite,HZ
207,GEMT,40.435,29.189,220,CIHATLI-GEMLIK-BURSA,20060707,Yavuz GÜNES,T3X29/A651,KO,[B] 3T/CMG-DM24,YES,CLOSED,20200611,HZ
208,GERE,40.8004,32.2154,1373,Gerede-BOLU,20231229,Dogan Kalafat-Zafer ÖGÜTÇÜOzkan Cok,T6X15/C4401,KO,[B] 6T/CMG-CD24,YES,OPEN,OnSite,HZ
209,GMLD,38.0766,26.9157,10,Gumuldur,20110101,Turkcell-Ivme Olcer,T5U97/C1522,KO,[A] 5TD/CMG-CD24,YES,OPEN,OnSite,HZ
210,GOKC,40.1998,25.9183,123,Gokceada,20110101,Turkcell-Ivme Olcer,T5V79/C1564,KO,[A] 5TD/CMG-CD24,YES,OPEN,OnSite,HZ
211,GOMA,38.7077,27.9175,110,Gölmarmara,20120904,Murat Suvarikli-Ozkan Cok,T5AF2/C2227,KO,[A] 5TD/CMG-CD24,YES,OPEN,OnSite,HZ
212,GONE,40.0466,27.686,143,GÖNEN-BALIKESIR,20080627,Mehmet Kara,T5R03/A2217,KO,[A] 5TD/CMG-CD24,YES,OPEN,OnSite,HZ
213,GORD,38.9088,28.1769,744,Gordes-MANISA,20180503,IVME VE 40T bir arada ZÖ-MK-MS-OC,[T4X27/A4094]-[T5CH5/A4180],KO,[SA] [40T]-[5TD]/[CMG-DM24]-[CMG-DM24],YES,OPEN,OnSite,HZ
214,GPA,40.2911,30.3171,570,GÖLPAZARI ,20111005,20141106 Tarihinde 500m kuzeye tasindi (Ivme Ölçer),T5V06/C1472,KO,[A] 5TD/CMG-CD24,YES,OPEN,OnSite,HZ
215,GPNR,39.456,26.1331,55,Gurpinar,20110101,Turkcell-Ivme Olcer,T5V16/C1490,KO,[A] 5TD/CMG-CD24,YES,OPEN,OnSite,HZ
216,GRDE,40.7995,32.2116,0,Gerede Bolu,20121112,Turkcell,T5AC9/C2091,KO,[A] 5TD/CMG-CD24,YES,CLOSED,20170920,HZ
217,GULA,38.3444,34.236,1126,GUL,20090601,Yavuz Gunes-Dogan Kalafat - Zafer OgutcuTUZ GOLU PROJESI,T6997/C874,KO,[B] 6T/CMG-CD24,YES,OPEN,OnSite,HZ
218,GULF,40.914,35.879,1050,Gulfidan-SAMSUN,20240627,Murat Suvarikli - Özkan Çok,T5AD6/C2095,KO,[A] 5TD/CMG-CD24,YES,OPEN,OnSite,HZ
219,GULT,40.432,30.5152,942,GÜLVEREN-IZNIK,20070915,"D.Kalafat,M.Suvarikli,Ö.Çok",T33969/A722,KO,[B] 3ESP/CMG-DM24,YES,OPEN,OnSite,HZ
220,GUMT,40.4665,39.478,1326,GÜMÜSHANE,20120110,----,T5V16/C1549,KO,[A] 5TD/CMG-CD24,YES,OPEN,OnSite,HZ
221,GURO,38.5509,42.0322,1388,Guroymak-Bitlis,20111025,Dogan Kalafat-Murat Suvarikli-Zafer ÖGÜTÇÜ,T36981/A3358,KO,[B] 3T/CMG-DM24,YES,OPEN,OnSite,HZ
222,GUZE,40.9998,28.5074,3,Güzelce Mah. BUYUKÇEKMECE ,20210608,Murat Suvarikli - Özkan Çok,T5DN4/C3135,KO,[A] 5T/CMG-CD24,YES,OPEN,OnSite,HZ
223,GZKV,40.7479,27.3275,30,Gazikoy-Tekirdag,20141025,Borehole,NA,KO,NA,Yes,OPEN,OnSite,HZ
224,HDMB,36.9638,32.4857,1946,HADIM KONYA,20030611,M.YILMAZER-M.SUVARIKLI,T35982/A1681,KO,[B] 3T/CMG-DM24,YES,OPEN,OnSite,HZ
225,HKOY,40.892,35.9884,0,Hamitkoy-SAMSUN,20131206,Ivme Olcer,T5BG2/C2478,KO,[A] 5TD/CMG-CD24,YES,CLOSED,20170920,HZ
226,HOPA,41.3867,41.4458,100,Hopa-ARTVIN,20120318,Ivme Olcer,T5U93/C1471,KO,[A] 5TD/CMG-CD24,YES,OPEN,OnSite,HZ
227,HOSK,40.7098,27.3143,1,Hoskoy-Sarkoy-TEKIRDAG,20240417,"IRAP -ivme-selevel-meteo,Mehmet G, Burak A, Hasan D, SENTEZ",6711/yyy,KO,[A] ACEBOX/SL06,YES,OPEN,OnSite,HZ
228,HPSA,41.0109,29.0072,1,Haydarpasa-ISTANBUL,20240315,"IRAP -ivme-selevel-meteo Murat S,Mehmet G, Hasan D, SENTEZ",6709/yyy,KO,[A] ACEBOX/SL06,YES,OPEN,OnSite,HZ
229,HRTX,40.8009,29.6729,573,Hereke,20080403,---,T35499/C810,KO,[B] 3ESP/CMG-DM24,YES,OPEN,OnSite,HZ
230,HSY,35.2916,33.0974,26,KKTC-Hisarkoy-GIRNE,20230712,KKTC- SENTEZ,T6Y89/C4499,KO,[B] 6T/CMG-CD24,YES,OPEN,OnSite,HZ
231,HVHR,40.9908,28.6678,22,Acc,20110101,----,T5BQ2/C2470,KO,[A] 5TD/CMG-CD24,YES,OPEN,OnSite,HZ
232,HYBA,40.8754,29.0854,65,,20120912,,T5BT3/C2552,KO,[A] 5TD/CMG-CD24,YES,OPEN,OnSite,HZ
233,IKL,36.2366,33.6845,126,Isikli,20060724,----,T35848/A1678,KO,[B] 3ESPC/CMG-DM24,YES,OPEN,OnSite,HZ
234,ILIC,39.4518,38.5675,1295,ILIC-ERZINCAN,20081225,Yavuz GÜNES-Dogan KALAFAT,T33977/B089,KO,[B] 3ESP/CMG-DM24,YES,CLOSED,20230615,HZ
235,IMRL,40.5554,28.527,1,Imralı Adası- BURSA,20240531,"IRAP -ivme-selevel-meteo,Fatih T, Mehmet G, Burak A, SENTEZ ",6701/yyy,KO,[A] ACEBOX/SL06,YES,OPEN,OnSite,HZ
236,ISK,41.0615,29.0592,85,Kandilli,19970101,----,T3V81/A592,KO,[B] 3T/CMG-DM24,YES,OPEN,OnSite,HZ
237,IZI,40.3483,29.4612,910,Izmit,20111005,Murat Suvarikli-Ozkan Cok,T5V09/C1474,KO,[A] 5TD/CMG-CD24,YES,OPEN,OnSite,HZ
238,KAMT,39.3689,33.7112,1120,KAMAN,20111122,----,T36974/A3359,KO,[B] 3T/CMG-DM24,YES,OPEN,OnSite,HZ
239,KARA,37.2607,35.0547,366,KARAISALI-ADANA,20050828,Yavuz GÜNES-Dogan KALAFAT,T3G49/DC16,KO,[B] 3ESP/CMG-DM24,YES,OPEN,OnSite,HZ
240,KARG,36.203,33.7086,275,KARGICAK,20130417,Notes,T5AG0/C2233,KO,[A] 5TD/CMG-CD24,YES,OPEN,OnSite,HZ
241,KARO,39.3089,41.0493,1820,Karlyova-Bingol,20121128,GPRS,T36976/A3357,KO,[B] 3T/CMG-DM24,YES,OPEN,OnSite,HZ
242,KARS,40.6152,43.0937,1747,KARS,20061013,Yavuz GÜNES-Dogan KALAFAT,T3V89/A638,KO,[B] 3T/CMG-DM24,YES,OPEN,OnSite,HZ
243,KAVA,41.0638,29.06,138,Kandilli ACC,20100101,----,T5V24/C1551,KO,[A] 5TD/CMG-CD24,YES,OPEN,OnSite,HZ
244,KAVV,41.0638,29.06,138,Kandilli Vel,20100101,----,T35522/C832,KO,[B] 3ESPC/CMG-DM24,YES,OPEN,OnSite,HZ
245,KAYA,40.9468,35.7491,1050,Kayacik-SAMSUN,20131206,Ivme Olcer,T5BQ5/C2540,KO,[A] 5TD/CMG-CD24,YES,CLOSED,20180101,HZ
246,KBAN,38.797,38.7278,745,Keban-ELAZIG,20240903,Remzi POLAT-Rıdvan OZYILMAZ,T6Z65/C4564,KO,[B] 6T/CMG-CD24,YES,OPEN,OnSite,HZ
247,KCTX,40.2626,28.3353,445,Karacabey-BURSA,19981020,M.SUVARIKLI,[T35496/C806]-[T5V02/C1514],KO,[BA] [3ESP]-[5TD]/[CMG-DM24]-[CMG-CD24],YES,OPEN,OnSite,HZ
248,KDZE,41.3132,31.443,410,Karadenizeregli-ZONGULDAK,20060630,Yavuz GÜNES,T3Z10/A602,KO,[B] 3T/CMG-DM24,YES,OPEN,OnSite,HZ
249,KEBE,36.447,33.713,776,Akkuyu,20110701,Dogan Kalafat-Murat Suvarikli-Zafer ÖGÜTÇÜ,T36973/A3353,KO,[B] 3T/CMG-DM24,YES,OPEN,OnSite,HZ
250,KEMT,36.6037,30.5558,0,Kemer,20110101,Ivme Olcer,T5U91/C1492,KO,[A] 5TD/CMG-CD24,YES,OPEN,OnSite,HZ
251,KHL,38.3231,29.5286,1003,Karahalli,20111005,----,T5U86/C1523,KO,[A] 5TD/CMG-CD24,YES,OPEN,OnSite,HZ
252,KHMN,37.3916,37.1574,640,Kahramanmaras,20121129,Ivme Olcer,T5AF7/C2229,KO,[A] 5TD/CMG-CD24,YES,OPEN,OnSite,HZ
253,KIYI,41.4844,28.2998,23,Acc,20110101,Turkcell-Ivme Olcer,T5U79/C1525,KO,[A] 5TD/CMG-CD24,YES,CLOSED,20181012,HZ
254,KIZO,40.9005,35.9334,1050,Kizoglu-SAMSUN,20131206,Ivme Olcer,T5BK3/C2499,KO,[A] 5TD/CMG-CD24,YES,CLOSED,20210630,HZ
255,KIZT,38.8808,31.883,1222,KIZILÇAL-KONYA,20111124,----,T36947/A3172,KO,[B] 3T/CMG-DM24,YES,OPEN,OnSite,HZ
256,KLYT,41.253,29.042,30,KILYOS,20060518,Yavuz GÜNES,T35501/C804,KO,[B] 3T/CMG-DM24,YES,OPEN,OnSite,HZ
257,KMAH,39.6082,39.0275,1100,Kemah-ERZINCAN,20240227,Sadik SAHINARSLAN,T33977/B089,KO,[B] 3ESPC/CMG-DM24,YES,OPEN,OnSite,HZ
258,KMON,41.3738,33.7839,936,KASTAMONU,20130924,CMG-5TDCE,T5BS3/C2458,KO,[A] 5TD/CMG-CD24,YES,OPEN,OnSite,HZ
259,KMRS,37.5087,36.9,590,KAHRAMANMARAS,20060830,Yavuz GÜNES,T3U04/A601,KO,[B] 3T/CMG-DM24,YES,OPEN,OnSite,HZ
260,KONT,37.957,32.3563,1100,Konya,20060720,----,T3V83/A643,KO,[B] 3T/CMG-DM24,YES,OPEN,OnSite,HZ
261,KOPR,39.9917,41.8535,1675,KOPRUKOY,20121128,GPRS,T36984/A3360,KO,[B] 3T/CMG-DM24,YES,OPEN,OnSite,HZ
262,KOUK,40.6572,29.1918,1,Koru-Çinarcik-YALOVA,20210620,Murat Suvarikli - Özkan Çok,T5DP5/C3129,KO,[A] 5T/CMG-CD24,YES,OPEN,OnSite,HZ
263,KOZK,39.2101,34.868,1134,Kozakly-Nevsehir,20150212,IVME VE 40T bir arada,[T4X32/A4098]-[T5CJ4/A4174],KO,[SA] [40T]-[5T]/[CMG-DM24]-[CMG-DM24],YES,OPEN,OnSite,HZ
264,KOZT,37.4795,35.8264,381,KOZAN-ADANA,20050825,Yavuz GÜNES-Dogan KALAFAT,T3X66/A613,KO,[B] 3T/CMG-DM24,YES,OPEN,OnSite,HZ
265,KRBG,40.3932,27.2977,79,KARABIGA-ÇANAKKALE,20080627,Mehmet Kara,[T35494/C807]-[T5GK7/A6482],KO,[BA] [3ESP]-[5TD]/[CMG-DM24]-[CMG-DM24],YES,OPEN,OnSite,HZ
266,KRBN,38.5936,26.5537,135,Karaburun,20110101,Turkcell-Ivme Olcer,T5AD5/C2085,KO,[A] 5TD/CMG-CD24,YES,OPEN,OnSite,HZ
267,KRMN,37.174,33.2636,1068,KARAMAN,20140207,IVME VE 40T bir arada,[T4X25/A4091]-[T5CH9/A4176],KO,[SA] [40T]-[5T]/[CMG-DM24]-[CMG-DM24],YES,OPEN,OnSite,HZ
268,KRTA,40.9003,29.1544,1,Kartal-ISTANBUL,20240124,"IRAP -ivme-selevel-meteo ÖZKAN-Remzi-Mehmet-Burak, Hasan D, SENTEZ",6718/yyy,KO,[A] ACEBOX/SL06,YES,OPEN,OnSite,HZ
269,KRTD,36.5934,35.4157,47,ACC,20110101,Turkcell-Ivme Olcer,T5U90/C1450,KO,[A] 5TD/CMG-CD24,YES,CLOSED,20171027,HZ
270,KRTL,40.9089,29.1987,83,KARTAL-ISTANBUL,20220315,SENTEZ KURDU-IVME,T5BK3/C2499,KO,[A] 5T/CMG-DM24,YES,OPEN,OnSite,HZ
271,KRTS,36.573,35.375,53,KARATAS-ADANA,20050825,Zafer ÖGÜTCÜ-Veli GEÇGEL,T5V15/C1511,KO,[A] 5TD/CMG-CD24,YES,OPEN,OnSite,HZ
272,KTUT,40.987,39.7667,171,TRABZON-KTU,20060817,....,T3W93/A641,KO,[B] 3T/CMG-DM24,YES,OPEN,OnSite,HZ
273,KULA,38.5145,28.6607,915,KULA-MANISA,20070220,ZAFER ÖGÜTÇÜ (3TD 120s),T3U96/A639,KO,[B] 3T/CMG-DM24,YES,OPEN,OnSite,HZ
274,KULU,39.0343,33.0023,1120,KULU,20090601,Yavuz Gunes-Dogan Kalafat - Zafer OgutcuTUZ GOLU PROJESI,T6999/C1017,KO,[B] 6T/CMG-CD24,YES,OPEN,OnSite,HZ
275,KUMB,40.8626,27.4592,2,"Kumbag, Süleymanpasa/Tekirdag",20210609,Murat Suvarikli - Özkan Çok,T5DN5/C3128,KO,[A] 5T/CMG-CD24,YES,OPEN,OnSite,HZ
276,KUPE,40.8766,36.0489,1050,SAMSUN,20131206,Ivme Olcer,T5BN7/C2542,KO,[A] 5TD/CMG-CD24,YES,CLOSED,20180101,HZ
277,KURC,41.8456,32.743,143,Kurucasile-Bartyn,20111215,Broadband 120 sn,T37087/A3458,KO,[B] 3T/CMG-DM24,YES,OPEN,OnSite,HZ
278,KUSD,37.8606,27.2868,323,Kusadasi,20110101,Turkcell-Ivme Olcer,T5AC9/C2091,KO,[A] 5TD/CMG-CD24,YES,OPEN,OnSite,HZ
279,KVT,41.0807,36.0463,649,Kavak,20040628,----,T3V85/A644,KO,[B] 3T/CMG-DM24,YES,OPEN,OnSite,HZ
280,KYHL,40.3244,37.8955,1568,KOYULHISAR- SIVAS,20201211,Murat Suvarikli - Özkan Çok,T5U90/C1450,KO,[A] 5T/CMG-CD24,YES,OPEN,OnSite,HZ
281,LADK,38.2,32.3648,1168,KONYA-LADIK,20070619,ZAFER ÖGÜTÇÜ,T3W29/A596,KO,[B] 3T/CMG-DM24,YES,OPEN,OnSite,HZ
282,LAFA,40.7598,29.3554,38,Acc,20110101,...,T5BV0/C2571,KO,[A] 5TD/CMG-CD24,YES,OPEN,OnSite,HZ
283,LAP,40.3703,26.7593,230,LAPSEKI,20071227,M.SUVARIKLI,T3P65/A116,KO,[B] 3ESP/CMG-DM24,YES,OPEN,OnSite,HZ
284,LAPK,40.3151,26.6425,2,Lapseki MYO-CANAKKALE,20200910,Tolga BEKLER CANAKKALE,T5BV7/C2509,KO,[A] 5TD/CMG-CD24,YES,OPEN,OnSite,HZ
285,LEF,35.1118,32.8433,152,KKTC-Lefke,20070320,MEHMET YILMAZER,T6Y91/C4495,KO,[B] 6T/CMG-CD24,YES,OPEN,OnSite,HZ
286,LFK,35.2832,33.5335,690,KKTC-Lefkosa,20070322,MEHMET YILMAZER,T3P26/A538,KO,[B] 3ESP/CMG-DM24,YES,OPEN,OnSite,HZ
287,LICE,38.4532,40.6446,963,Lice- DIYARBAKIR,20221125,Sadik SAHINARSLAN,T310422/xxxx,KO,[B] 3ESPC-Minimus/CMG-DM24,YES,OPEN,OnSite,HZ
288,LMOS,36.6021,32.6962,1430,Esentepe - Göktepe - KARAMAN,20221004,Zafer Öğütcü - Özkan Çok,T6Y77/C4497,KO,[B] 6T/CMG-CD24,YES,OPEN,OnSite,HZ
289,LOD,39.8884,32.7634,902,LODUMLU,20070202,Yavuz GÜNES-Dogan KALAFAT,T3Z33/A648,KO,[B] 3T/CMG-DM24,YES,OPEN,OnSite,HZ
290,MAEG,40.9653,27.9448,2,MARMARA EREGLISI,20210608,Murat Suvarikli - Özkan Çok,T5DM9/C3141,KO,[A] 5T/CMG-CD24,YES,OPEN,OnSite,HZ
291,MAGT,35.1695,33.8714,23,KKTC-Tuzla-MAGUSA,20230711,KKTC- SENTEZ,T6Y76/C4498,KO,[B] 6T/CMG-CD24,YES,OPEN,OnSite,HZ
292,MALT,38.3134,38.4273,1112,Malatya,19980101,26.11.2011 GURALP BB e cevrildi,T36921/A3171,KO,[B] 3T/CMG-DM24,YES,CLOSED,20161201,HZ
293,MAR2,40.7172,27.3123,0,MARsite,20141004,MARsite Broadband,xxx/yyy,KO,[B] 6T/CMG-CD24,YES,CLOSED,20161231,HZ
294,MAR3,40.7432,27.2945,243,MARsite,20141004,MARsite Broadband,xxx/yyy,KO,[B] 6T/CMG-CD24,YES,CLOSED,20161231,HZ
295,MAR4,40.788,27.3007,905,MARsite,20140201,MARsite Broadband,NA,KO,BB,Yes,OPEN,OnSite,HZ
296,MAR6,40.7041,27.2653,334,MARsite,20130101,MARsite Broadband,xxx/yyy,KO,[B] 6T/CMG-CD24,YES,CLOSED,20161231,HZ
297,MAR9,40.6196,27.702,99,MARsite,20140201,MARsite Broadband,NA,KO,BB,Yes,OPEN,OnSite,HZ
298,MASR,41.7596,32.4658,325,Amasra,20110101,Turkcell-Ivme Olcer,T5V81/C1562,KO,[A] 5TD/CMG-CD24,YES,CLOSED,20170920,HZ
299,MAZI,37.4593,40.4465,1204,MAZIDAG_MARDIN,20090629,Yavuz GÜNES-Dogan KALAFAT,T3V87/A608,KO,[B] 3T/CMG-DM24,YES,OPEN,OnSite,HZ
300,MDNY,40.3709,28.8846,116,MUDANYA,20080709,M.SUVARIKLI,[T35500/C808]-[T5GL1/A6481],KO,[BA] [3ESP]-[5TD]/[CMG-DM24]-[CMG-CD24],YES,OPEN,OnSite,HZ
301,MDUB,40.4712,31.1976,1109,MUDURNU,20080522,Yavuz Gunes-Dogan Kalafat ,T3X34/A653,KO,[B] 3T/CMG-DM24,YES,OPEN,OnSite,HZ
302,MDYO,38.3137,39.0383,926,DOGANYOL-MALATYA,20200214,DEPREM MUH. MALATYA IVME,T5KN5/A7199,KO,[A] 5T/CMG-DM24,YES,CLOSED,20201026,HZ
303,MERS,36.8678,34.522,750,MERSIN-YENISEHIR,20050823,Yavuz GÜNES-Dogan KALAFAT,T3W96/A600,KO,[B] 3T/CMG-DM24,YES,OPEN,OnSite,HZ
304,MFTX,40.7867,27.2812,924,Murefte,19981010,----,T4601/yyy,KO,[B] 40T/CMG-DM24,YES,CLOSED,20080101,HZ
305,MLAZ,39.141,42.5496,1581,Malazgirt-MUS,20121126,GPRS,T36977/A3355,KO,[B] 3T/CMG-DM24,YES,OPEN,OnSite,HZ
306,MLSB,37.2953,27.7767,500,MYLAS-MUGLA,20030701,Murat SuvarikliDean Child (40T),T4860/D0621,KO,[B] 40T/CMG-DM24,YES,OPEN,OnSite,HZ
307,MMAD,40.6555,27.6688,1,Marmara Adası,20240417,"IRAP -ivme-selevel-meteo, Hasan D, SENTEZ",6715/yyy,KO,[A] ACEBOX/SL06,YES,OPEN,OnSite,HZ
308,MNVG,36.7935,31.4161,24,Manavgat,20110810,Turkcell Proje,T5AE0/C2087,KO,[A] 5TD/CMG-CD24,YES,OPEN,OnSite,HZ
309,MRMT,40.609,27.5832,213,Marmara adasi,20081009,----,T36785/A3053,KO,[B] 3T/CMG-DM24,YES,OPEN,OnSite,HZ
310,MRSB,36.7161,28.1969,402,Marmaris,20110101,Turkcell-Ivme Olcer,T5V02/C1514,KO,[A] 5TD/CMG-CD24,YES,CLOSED,20190501,HZ
311,MSKC,40.3092,27.6724,1,Misakca-Bandırma-BALIKESIR,20240401,"IRAP -ivme-selevel-meteo,Burak, Mehmet G, Hasan D, SENTEZ",6702/yyy,KO,[A] ACEBOX/SL06,YES,OPEN,OnSite,HZ
312,MUDA,40.3566,28.9294,1,Mudanya-BURSA,20240320,"IRAP -ivme-selevel-meteo Ozkan C,Mehmet G, Hasan D, SENTEZ",6705/yyy,KO,[A] ACEBOX/SL06,YES,OPEN,OnSite,HZ
313,NAZL,37.9641,28.2922,510,Nazilli-AYDIN,20180504,IVME VE 40T bir arada ZÖ-MK-MS-OC,[T4X36/A4005]-[T5CH7/A4184],KO,[SA] [40T]-[5TD]/[CMG-DM24]-[CMG-DM24],YES,OPEN,OnSite,HZ
314,NIG,38.108,34.6142,2270,NIGDE,20111123,----,T5V27/C1559,KO,[A] 5TD/CMG-CD24,YES,OPEN,OnSite,HZ
315,ODEM,38.2762,28.0747,797,Odemis_IZMIR,20180504,IVME VE 40T bir arada ZÖ-MK-MS-OC,[T4X26/A4095]-[T5CH3/A4183],KO,[SA] [40T]-[5TD]/[CMG-DM24]-[CMG-DM24],YES,OPEN,OnSite,HZ
316,OREN,36.2078,33.4587,61,Akkuyu,20110701,Dogan Kalafat-Murat Suvarikli-Zafer ÖGÜTÇÜ,T5V05/C1464,KO,[A] 5TD/CMG-CD24,YES,OPEN,OnSite,HZ
317,ORLT,40.0452,28.8914,650,ORHANELI-BURSA,20111005,----,T5V17/C1473,KO,[A] 5TD/CMG-CD24,YES,OPEN,OnSite,HZ
318,OSMA,40.9939,34.7605,418,Osmancık- ÇORUM,20231230,Özkan Çok -Remzi Polat,T6Y78/C4500,KO,[B] 6T/CMG-CD24,YES,OPEN,OnSite,HZ
319,OSMT,40.6009,29.7,798,"Yalova, Iznik, Osmaniye",20120410,Murat Suvarikli,T5V12/C1512,KO,[A] 5TD/CMG-CD24,YES,OPEN,OnSite,HZ
320,OZGR,40.8634,28.9943,1,Demokrasi ve Ozgurluk Adası,20240421,"IRAP -ivme-selevel-meteo,Ozkan ç, Mehmet G, Hasan D, SENTEZ",6710/yyy,KO,[A] ACEBOX/SL06,YES,OPEN,OnSite,HZ
321,PERB,41.1016,37.7634,270,Persembe-ORDU,20240627,Murat Suvarikli - Özkan Çok,T6J02/C2712,KO,[B] 6T/CMG-CD24,YES,OPEN,OnSite,HZ
322,PHSR,41.6308,27.5238,263,PINARHYSAR-KIRKLARELI,20090709,ZAFER ÖGÜTÇÜ-FEYZA NUR BEKLER,T3Z31/A647,KO,[B] 3T/CMG-DM24,YES,OPEN,OnSite,HZ
323,POLA,39.7005,32.1677,1068,Polatly-ANKARA,20190701,Murat Suvarikli-Özkan Çok,T6V58/C4163,KO,[B] 6T/CMG-CD24,YES,OPEN,OnSite,HZ
324,PRSB,41.1044,37.7753,100,Persembe-ORDU,20120318,Ivme Olcer,T5U95/C1529,KO,[A] 5TD/CMG-CD24,YES,CLOSED,20180528,HZ
325,PTK,38.8923,39.3923,1835,PERTEK-TUNCELY,20040901,"Yavuz GÜNES, MURAT BERBEROGLU",T3V86/A637,KO,[B] 3T/CMG-DM24,YES,CLOSED,20200925,HZ
326,PZAR,41.178,40.8988,80,PAZAR-RIZE,20070301,Yavuz GÜNES,T33976/B088,KO,[B] 3ESP/CMG-DM24,YES,CLOSED,20111230,HZ
327,RFHY,39.927,38.833,1851,REFAHIYE - ERZINCAN,20201211,Murat Suvarikli - Özkan Çok,T5BG2/C2478,KO,[A] 5T/CMG-CD24,YES,OPEN,OnSite,HZ
328,RFT1,39.5332,26.4413,298,RAFT1-AYVACIK,20170616,"ALI-NAFIZ-AHMET (Atershock, temporary network)",T6U48/C4164,KO,[B] 6T/CMG-CD24,YES,CLOSED,20180501,HZ
329,RFT2,39.4213,26.8655,82,RAFT2-BURHANIYE,20170616,"ALI-NAFIZ-AHMET (Atershock, temporary network)",T6U43/C4161,KO,[B] 6T/CMG-CD24,YES,CLOSED,20180501,HZ
330,RFT3,38.3307,26.2997,99,RAFT3-CESME,20170617,"ALI-NAFIZ-AHMET (Atershock, temporary network)",T6U49/C4165,KO,[B] 6T/CMG-CD24,YES,CLOSED,20170726,HZ
331,RFT4,38.5935,26.5537,137,RAFT4- KARABURUN,20170617,"ALI-NAFIZ-AHMET (Atershock, temporary network)",T6U35/C4158,KO,[B] 6T/CMG-CD24,YES,CLOSED,20170726,HZ
332,RFT5,38.659,26.7487,63,RAFT5- FOCA,20170618,"ALI-NAFIZ-AHMET (Atershock, temporary network)",T6U36/C4159,KO,[B] 6T/CMG-CD24,YES,CLOSED,20180501,HZ
333,RFT6,38.7358,26.8395,20,RAFT6- YENI FOCA,20170618,"ALI-NAFIZ-AHMET (Atershock, temporary network)",T6U46/C4160,KO,[B] 6T/CMG-CD24,YES,CLOSED,20170726,HZ
334,RFT7,38.9573,26.9208,129,RAFT7- CANDARLI,20170618,"ALI-NAFIZ-AHMET (Atershock, temporary network)",T6U45/C4162,KO,[B] 6T/CMG-CD24,YES,CLOSED,20180501,HZ
335,RFT8,39.162,26.8647,56,RAFT8- DIKILI,20170619,"ALI-NAFIZ-AHMET (Atershock, temporary network)",T6U47/C4167,KO,[B] 6T/CMG-CD24,YES,CLOSED,20170726,HZ
336,RFTA,36.9983,27.7455,11,MAZIKÖY-BODRUM,20170802,"ALI-OZKAN (Atershock, temporary) ",T6U48/C4160,KO,[B] 6T/CMG-CD24,YES,CLOSED,20180501,HZ
337,RFTB,36.964,27.2713,14,KEMER-BODRUM,20170727,"ALI-OZKAN (Atershock, temporary) ",T6U47/C4167,KO,[B] 6T/CMG-CD24,YES,CLOSED,20180501,HZ
338,RFTC,36.7782,27.8163,136,EMECIK-DATÇA-MUGLA,20170728,"ALY-OZKAN (Atershock, temporary) ",T6U49/C4165,KO,[B] 6T/CMG-CD24,YES,CLOSED,20180501,HZ
339,RFTD,36.6823,27.497,112,PALAMUTBUKU-KAYAKOY--DATCA-MUGLA,20170728,"ALI-OZKAN (Atershock, temporary) ",T6U35/C4158,KO,[B] 6T/CMG-CD24,YES,CLOSED,20180501,HZ
340,RKY,40.6874,27.1776,687,ÇARDAK-SARKÖY,20060516,Yavuz GÜNES-Murat Suvarikli,T3N96/A526,KO,[B] 3ESP/CMG-DM24,YES,OPEN,OnSite,HZ
341,RSDY,40.3971,37.3273,550,RESADIYE TOKAT,20070615,M.SUVARIKLI,T3W88/A610,KO,[B] 3T/CMG-DM24,YES,OPEN,OnSite,HZ
342,RUZG,40.7242,31.7936,1567,Kolköy/Bolu Merkez/BOLU,20191219,Murat Suvarikli - Özkan Çok,T6V51/C4232,KO,[B] 6T/CMG-CD24,YES,OPEN,OnSite,HZ
343,SAFT,41.2398,32.6871,406,Safranbolu,20111216,----,T5U87/C1530,KO,[A] 5TD/CMG-CD24,YES,OPEN,OnSite,HZ
344,SARI,38.4072,36.4181,1673,SARIZ-KAYSERI,20070730,MEHMET KARA,T3V39/A640,KO,[B] 3T/CMG-DM24,YES,OPEN,OnSite,HZ
345,SAUA,40.7402,30.3272,170,,20120225,,T5L21/A1033,KO,[A] 5TD/CMG-CD24,YES,OPEN,OnSite,HZ
346,SAUV,40.7401,30.3271,170,Sakarya Üniversitesi Serdivan,20120225,Yavuz GÜNES_Dogan Kalafat-Murat Suvarikli,[T6D90/C1667]-[T5L21/A1033],KO,[BA] [6T]-[5TD]/[CMG-CD24]-[CMG-CD24],YES,OPEN,OnSite,HZ
347,SB02,40.9668,28.4471,0,Location,20131229,Denizdibi-,NA,KO,Guralp,YES,CLOSED,20120212,HZ
348,SBT1,40.7042,29.1517,1260,Deniz Dibi SBT1,20101231,---,[T35821/A1359]-[T5V70/A1359],KO,[BA] [3T]-[5T]/[CMG-DM24]-[CMG-DM24],YES,CLOSED,20110322,HZ
349,SBT2,40.8783,28.5133,810,Deniz Dibi SBT2,20101103,---,[T35829/A2565]-[T5T38/A2565],KO,[BA] [3T]-[5T]/[CMG-DM24]-[CMG-DM24],YES,CLOSED,20120212,HZ
350,SBT3,40.885,27.9783,1204,Deniz Dibi SBT3,20100121,---,[T35820/A1360]-[T5T37/A1360],KO,[BA] [3T]-[5T]/[CMG-DM24]-[CMG-DM24],YES,CLOSED,20120212,HZ
351,SBT4,40.8283,27.535,1144,Deniz Dibi SBT4,20101222,--,[T35832/A1361]-[T5T39/A1361],KO,[BA] [3T]-[5T]/[CMG-DM24]-[CMG-DM24],YES,CLOSED,20110812,HZ
352,SBT5,40.6311,28.8804,368,Deniz Dibi SBT5,20100609,--,[T35831/A1362]-[T5L81/A1362],KO,[BA] [3T]-[5T]/[CMG-DM24]-[CMG-DM24],YES,CLOSED,20110812,HZ
353,SDAG,38.4396,30.9175,1140,Kocbeyli-SULTANDAGI-AFYON,20190709,Yavuz Gunes-D.Kalafat-M.Kara,T6V52/C4219,KO,[B] 6T/CMG-CD24,YES,OPEN,OnSite,HZ
354,SEMD,37.3473,44.5208,1910,SEMDINLI-HAKKARI,20050928,,T3P65/A116,KO,[B] 3ESP/CMG-DM24,YES,CLOSED,20100101,HZ
355,SENK,40.5614,42.3505,1939,SENKAYA-ERZURUM,20110504,Dogan Kalafat-Murat Suvarikli,T35985/A1677,KO,[B] 3T/CMG-DM24,YES,OPEN,OnSite,HZ
356,SERE,38.9463,33.564,1216,SEREFLIKOCHISAR,20090601,Yavuz Gunes-Dogan Kalafat - Zafer OgutcuTUZ GOLU PROJESI,T6989/C1018,KO,[B] 6T/CMG-CD24,YES,OPEN,OnSite,HZ
357,SERH,37.582,29.2588,1032,Serinhisar-DENIZLI,20201223,"Dogan Kalafat, Murat Suvarikli - Özkan Çok",T6X91/C4445,KO,[B] 6T/CMG-CD24,YES,OPEN,OnSite,HZ
358,SEYD,37.4056,31.8379,1160,Seydisehir,20140203,SP/SM (Zafer-Özkan),[T4X31/A4090]-[T5CH2/A4179],KO,[SA] [40T]-[5T]/[CMG-DM24]-[CMG-DM24],YES,OPEN,OnSite,HZ
359,SHAP,39.0231,29.222,1050,Saphane-Kütahya,20120509,Ivme Olcer,T5T61/A2657,KO,[A] 5TD/CMG-CD24,YES,OPEN,OnSite,HZ
360,SHUT,38.553,30.551,1215,Suhut-AFYON,20061102,Murat Suvarikli-Mehmet Kara,T3W87/A599,KO,[B] 3T/CMG-DM24,YES,OPEN,OnSite,HZ
361,SILI,36.3671,33.9239,126,Silifke,20110701,Dogan Kalafat-Murat Suvarikli-Zafer ÖGÜTÇÜ,T36784/A3052,KO,[B] 3T/CMG-DM24,YES,OPEN,OnSite,HZ
362,SILT,41.153,29.643,100,Sile,20070801,Yavuz GÜNES-Dogan KALAFAT,T33975/B087,KO,[B] 3ESP/CMG-DM24,YES,OPEN,OnSite,HZ
363,SILV,41.0723,28.239,2,SILIVRI-SL-SM,20230525,Murat Suvarikli - Özkan Çok,5356/yyy,KO,[A] ACEBOX/SL06,YES,OPEN,OnSite,HZ
364,SIMA,39.0833,28.9825,984,Simav-KÜTAHYA,20110726,Dogan KALAFAT - Özkan ÇOK,T6F13/C1854,KO,[B] 6T/CMG-CD24,YES,OPEN,OnSite,HZ
365,SINB,40.9998,28.5392,59,Sinanoba Acc,20110101,....,T5BP9/C2493,KO,[A] 5TD/CMG-CD24,YES,OPEN,OnSite,HZ
366,SINE,39.1636,39.3871,1210,Tunceli - Sine Köyü ,20230615,Sadik SAHINARSLAN,T6X16/C4403,KO,[B] 6T/CMG-CD24,YES,OPEN,OnSite,HZ
367,SINP,41.9824,35.0956,100,Location,20120318,Turkcell,T5AD8/C2100,KO,[A] 5TD/CMG-CD24,YES,OPEN,OnSite,HZ
368,SIRT,37.501,42.4392,1038,SIRNAK,20060921,Yavuz GÜNES-Murat Suvarikli,T3W33/A605,KO,[B] 3T/CMG-DM24,YES,OPEN,OnSite,HZ
369,SLFK,36.3925,33.9464,54,Silifke Acc,20110101,Turkcell-Ivme Olcer,T5U96/C1455,KO,[A] 5TD/CMG-CD24,YES,OPEN,OnSite,HZ
370,SLVT,41.2288,28.2098,180,Silivri,20070801,Yavuz GÜNES-Dogan KALAFAT,[T3B68/A543]-[T5GK6/A6486],KO,[BA] [3ESP]-[5TD]/[CMG-DM24]-[CMG-DM24],YES,OPEN,OnSite,HZ
371,SMAA,39.1005,28.9805,804,Simav-KUTAHYA,20120509,Ivme Ölçer,T5AD7/C2084,KO,[A] 5TD/CMG-CD24,YES,OPEN,OnSite,HZ
372,SNOP,42.0195,35.2069,180,Sinop-Boztepe,20100813,CMG-3T/ESPC,T35842/A1680,KO,[B] 3T/CMG-DM24,YES,OPEN,OnSite,HZ
373,SOMA,39.1564,27.5341,243,Soma-MANISA,20180503,IVME VE 40T bir arada ZÖ-MK-MS-OC,[T4X34/A4096]-[T5CH1/A4187],KO,[SA] [40T]-[5TD]/[CMG-DM24]-[CMG-DM24],YES,OPEN,OnSite,HZ
374,SPNC,40.686,30.3083,190,SAPANCA-ADAPAZARI,20080627,Yavuz GÜNES,T35501/C804,KO,[B] 3ESP/CMG-DM24,YES,CLOSED,20150530,HZ
375,SULT,38.1988,33.5157,982,SULTANHANI-AKSARAY,20080104,ZAFER ÖGÜTÇÜ,T3X67/A615,KO,[B] 3T/CMG-DM24,YES,OPEN,OnSite,HZ
376,SUSR,39.9627,28.0835,359,Susurluk-BALIKESIR,20180502,IVME VE 40T bir arada ZÖ-MK-MS-OC,[T4X29/A4093]-[T5CG3/A4186],KO,[SA] [40T]-[5TD]/[CMG-DM24]-[CMG-DM24],YES,OPEN,OnSite,HZ
377,SUTC,37.4765,30.9997,1310,SÜTCÜLER-ISPARTA,20231214,Yavuz GÜNES-20060504 ILK KURULUM- 20231214 KO OLDU,T3W91/A617,KO,[B] 3T/CMG-DM24,YES,OPEN,OnSite,HZ
378,SVAN,38.1511,41.1984,650,SILVAN-DIYARBAKIR,20070427,ZAFER ÖGÜTÇÜ-Murat Suvarikli,T3U47/A604,KO,[B] 3T/CMG-DM24,YES,OPEN,OnSite,HZ
379,SVRC,38.3775,39.306,1680,SIVRICE ELAZIG,20070427,Yavuz GÜNES-Dogan KALAFAT,T3W89/A609,KO,[B] 3T/CMG-DM24,YES,OPEN,OnSite,HZ
380,SVRH,39.447,31.523,1000,Sivrihisar,20071227,Mehmet Kara,T3X35/A650,KO,[B] 3T/CMG-DM24,YES,OPEN,OnSite,HZ
381,SVSK,39.9157,36.9925,1630,KARAÇAYIR-SIVAS,20030801,....,T35358/C525,KO,[B] 3T/CMG-DM24,YES,OPEN,OnSite,HZ
382,TAHT,36.3755,36.1855,278,Tahtaköprü-HATAY,20091019,Yavuz GÜNES-Dogan KALAFAT,T35809/A1295,KO,[B] 3ESPC/CMG-DM24,YES,OPEN,OnSite,HZ
383,TASB,39.9838,44.2384,849,Tasburun-IGDIR,20111025,Dogan Kalafat-Murat Suvarikli-Zafer ÖGÜTÇÜ-GPRS,T36975/A3352,KO,[B] 3T/CMG-DM24,YES,OPEN,OnSite,HZ
384,TEKE,36.1426,33.1142,173,Akkuyu,20110701,Dogan Kalafat-Murat Suvarikli-Zafer ÖGÜTÇÜ,T36718/A3049,KO,[B] 3T/CMG-DM24,YES,OPEN,OnSite,HZ
385,TEKI,40.9862,27.5374,126,TEKIRDAG Buyuksehir Belediyesi,20221216,Yavuz Gunes-Dogan Kalafat - Zafer Ogutcu,5411/yyy,KO,[A] ACEBOX/SL06,YES,OPEN,OnSite,HZ
386,TEPE,36.2197,33.5615,579,Akkuyu,20110701,Dogan Kalafat-Murat Suvarikli-Zafer ÖGÜTÇÜ,T5V08/C1475,KO,[A] 5TD/CMG-CD24,YES,CLOSED,20131229,HZ
387,TEPK,36.2241,33.545,574,Tepekoy-Akkuyu,20131229,Akkuyu Projesi,T5V08/C1475,KO,[A] 5TD/CMG-CD24,YES,OPEN,OnSite,HZ
388,TEVE,36.4359,33.443,848,Akkuyu,20110701,Dogan Kalafat-Murat Suvarikli-Zafer ÖGÜTÇÜ,T36674/A3046,KO,[B] 3T/CMG-DM24,YES,OPEN,OnSite,HZ
389,TISA,36.162,33.6788,94,TISAN,20130417,Notes,T5V11/C1510,KO,[A] 5TD/CMG-CD24,YES,OPEN,OnSite,HZ
390,TKR,40.9893,27.5351,140,TEKIRDAG,20070801,Yavuz GÜNES,T5BQ5/C2540,KO,[A] 5TD/CMG-CD24,YES,OPEN,OnSite,HZ
391,TOKT,40.3173,36.5443,726,Tokat,20120110,----,T36982/A3354,KO,[B] 3T/CMG-DM24,YES,OPEN,OnSite,HZ
392,TOS,41.0362,34.0226,1046,TOSYA,20111214,----,T5V25/C1557,KO,[A] 5TD/CMG-CD24,YES,OPEN,OnSite,HZ
393,TUNC,39.6942,37.5388,1489,Sivas,20200925,Suleyman TUNC- Mustafa Hatipoglu,T5DN7/C3130,KO,[A] 5TD/CMG-CD24,YES,OPEN,OnSite,HZ
394,TUZL,40.8128,29.2657,12,Tuzla Acc,20110101,...,T5BR6/C2531,KO,[A] 5TD/CMG-CD24,YES,OPEN,OnSite,HZ
395,TVSB,39.4497,29.4615,1090,Tavsanly-KÜTAHYA,20090212,Zafer ÖGÜTÇÜ - Özkan ÇOK,T35845/A1675,KO,[B] 3T/CMG-DM24,YES,OPEN,OnSite,HZ
396,TZLA,40.8123,29.2968,2,ITU Tuzla Kampusu-ISTANBUL,20210422,Dogan Kalafat-Ozkan Cok - SEALEVEL+IVME ,2326/yyy,KO,[A] ACEBOX/SL06,YES,OPEN,OnSite,HZ
397,UKOP,41.1288,26.6323,70,Uzunköprü-EDIRNE,20130911,IVME VE 40T bir arada,[T4X28/A4089]-[T5CJ1/A4175],KO,[SA] [40T]-[5T]/[CMG-DM24]-[CMG-DM24],YES,OPEN,OnSite,HZ
398,URFA,37.4409,38.8213,938,URFA,20041202,ZAFER ÖGÜTÇÜ-NAFIZ KAFADAR,T3L41/D773,KO,[B] 3ESP/CMG-DM24,YES,OPEN,OnSite,HZ
399,UVEZ,40.904,30.9032,550,Uvezbeli/Cumayeri/DUZCE,20191218,Murat Suvarikli- Özkan Çok,T6V61/C4301,KO,[B] 6T/CMG-CD24,YES,OPEN,OnSite,HZ
400,VANB,38.509,43.4056,1227,VAN,20000810,Mehmet Yylmazer (2003 Murat Suvarykly-Dean Child),T3723/D0961,KO,[B] 3T/CMG-DM24,YES,OPEN,OnSite,HZ
401,VRTB,39.1603,41.4558,1498,VARTO-MUS,20081120,ZAFER ÖGÜTÇÜ-MEHMET KARA,T34792/C638,KO,[B] 3ESPC/CMG-DM24,YES,OPEN,OnSite,HZ
402,YALI,40.7676,32.9822,1217,Yalyözü/CerkesCANKIRI,20191220,Murat Suvarikli - Özkan Çok,T6X79/C4456,KO,[B] 6T/CMG-CD24,YES,OPEN,OnSite,HZ
403,YARM,40.9231,35.8266,1050,Yarimca-SAMSUN,20131206,Ivme Olcer,T5BN4/C2537,KO,[A] 5TD/CMG-CD24,YES,CLOSED,20210630,HZ
404,YAYO,39.6113,27.0726,122,EDREMIT -BALIKESIR,20190320,Mehmet Kara- Ferdi Olgun,T6V60/C4306,KO,[B] 6T/CMG-CD24,YES,OPEN,OnSite,HZ
405,YAYX,38.9387,33.8115,1142,YAY,20090601,Yavuz Gunes-Dogan Kalafat - Zafer OgutcuTUZ GOLU PROJESI,T6A00/C871,KO,[B] 6T/CMG-CD24,YES,OPEN,OnSite,HZ
406,YEDI,39.4377,40.5443,1557,Yedisu-Bingol,20110503,Dogan Kalafat-Murat Suvarikli (T35721- A1674),T35721/A1674,KO,[B] 3T/CMG-DM24,YES,OPEN,OnSite,HZ
407,YENI,39.9364,27.2422,278,Yenice-CANAKKALE,20180418,IVME ÖLÇER-TOLGA BEKLER,T5DN1/C3140,KO,[A] 5TD/CMG-CD24,YES,OPEN,OnSite,HZ
408,YER,37.1336,28.284,729,Yerkesik,20060706,----,T36985/A3351,KO,[B] 3T/CMG-DM24,YES,OPEN,OnSite,HZ
409,YESI,36.1957,33.6421,24,Akkuyu,20110701,Dogan Kalafat-Murat Suvarikli-Zafer ÖGÜTÇÜ,T5V23/C1509,KO,[A] 5TD/CMG-CD24,YES,OPEN,OnSite,HZ
410,YESY,37.7825,33.7431,1206,YES,20090601,Yavuz Gunes-Dogan Kalafat - Zafer OgutcuTUZ GOLU PROJESI,T6998/C870,KO,[B] 6T/CMG-CD24,YES,OPEN,OnSite,HZ
411,YKAV,37.1246,27.2801,115,Yalykavak,20110101,Turkcell-Ivme Olcer,T5V21/C1449,KO,[A] 5TD/CMG-CD24,YES,OPEN,OnSite,HZ
412,YKBL,40.9908,28.6678,139,Yakuplu Acc,20110101,...,T5BU8/C2497,KO,[A] 5T/CMG-DM24,YES,OPEN,OnSite,HZ
413,YLV,40.5658,29.3708,879,Yalova SP,20110926,----,T35726/A1682,KO,[B] 3ESPC/CMG-DM24,YES,OPEN,OnSite,HZ
414,YLVH,40.6953,29.3703,0,Acc,20110101,----,T5BT5/C2514,KO,[A] 5TD/CMG-CD24,YES,OPEN,OnSite,HZ
415,YNCE,40.3888,28.1129,1,Yenice-Bandırma-BALIKESIR,20240401,"IRAP -ivme-selevel-meteo,Burak, Mehmet G, Hasan D, SENTEZ",6719/yyy,KO,[A] ACEBOX/SL06,YES,OPEN,OnSite,HZ
416,YORU,36.1539,33.4055,423,Akkuyu,20110701,Dogan Kalafat-Murat Suvarikli-Zafer ÖGÜTÇÜ,T5U78/C1218,KO,[A] 5TD/CMG-CD24,YES,OPEN,OnSite,HZ
417,YOZ,39.6376,35.3152,1422,SARIKAYA-YOZGAT,20090101,....,T37088/A3459,KO,[B] 3T/CMG-DM24,YES,OPEN,OnSite,HZ
418,YRMC,40.7636,29.7476,1,Yarımca-KOCAELİ,20240403,"IRAP -ivme-selevel-meteo,Remzi, Ozkan, Hasan D, SENTEZ",6714/yyy,KO,[A] ACEBOX/SL06,YES,OPEN,OnSite,HZ
419,YUNK,38.806,31.7626,0,Yunak Konya,20121112,Turkcell,T5AE0/C2087,KO,[A] 5TD/CMG-CD24,YES,CLOSED,20171024,HZ
420,YUVA,40.391,31.6872,1163,Yuva-KIBRISCIK-BOLU,20130909,IVME VE 40T bir arada,[T4X38/A4003]-[T5CJ0/A4182],KO,[SA] [40T]-[5T]/[CMG-DM24]-[CMG-DM24],YES,OPEN,OnSite,HZ
421,KTUA,40.9945,39.7764,61,TRABZON-KTU Acc,20110101,....,T5L20/A1038,KT,[A] 5TD/CMG-CD24,YES,OPEN,OnSite,HZ
422,IDI,35.288,24.89,750,MN_IDI,19941001,MedNet,xxx/yyy,MN,[B] STS-2 HIGH/Qx80,YES,OPEN,OnSite,RAD
423,KNAL,40.9035,29.0458,21,Kınalı Ada,20120518,"SP, GFZ",xxx/A7363,PZ,[S],YES,OPEN,OnSite,RAD
424,MRTI,40.8196,29.1125,5,MARTI ADASI- ISTANBUL,20240821,"BB, GFZ",T37140/A3518,PZ,[B] 3T/CMG-DM24,YES,OPEN,OnSite,HZ
425,BZS,45.6167,21.6167,260,RO_BZS,19900101,ROMANYA,xxx/yyy,RO,[B] STS-2/Q330,YES,OPEN,OnSite,RAD
426,DRGR,46.7917,22.7112,921,RO_DRGR,19900101,ROMANYA,xxx/yyy,RO,[B] KS2000/Q330,YES,OPEN,OnSite,RAD
427,IAS,47.1933,27.5617,160,RO_IAS,19900101,ROMANYA,xxx/yyy,RO,[B] KS2000/Q330,YES,OPEN,OnSite,RAD
428,LOT,45.446,23.7698,1240,RO_LOT,19900101,ROMANYA,xxx/yyy,RO,[B] STS-2/Q330,YES,OPEN,OnSite,RAD
429,MLR,45.4912,25.9457,1360,RO_MLR,19900101,ROMANYA,xxx/yyy,RO,[B] STS-2/Q330,YES,OPEN,OnSite,RAD
430,VRI,45.8657,26.7277,472,RO_VRI,19900101,ROMANYA,xxx/yyy,RO,[B] STS-2/Q330,YES,OPEN,OnSite,RAD
431,GLHS,37.156,29.4983,1100,GÖLHYSAR-BURDUR,20060903,SüleymanDemirel Universitesi- Yavuz GÜNES-Kıvanç KEKOVALI,T6143/yyy,SD,[B] 6T/CMG-CD24,YES,OPEN,OnSite,HZ
432,COMU,40.099,26.4736,410,Ulupinar-CANAKKALE,20161228,Canakkale 18 Mart University,T6A78/C1187,T4,[B] 6T/CMG-CD24,YES,OPEN,OnSite,HZ
433,BUY,40.8525,29.1175,200,BÜYÜKADA,20080805,Tubitak,T35574/A1158,TK,[B] 3T/CMG-DM24,YES,OPEN,OnSite,HZ
434,CTFB,40.6642,29.2993,0,YALOVA,20140101,Notes,NA,TL,SensorType,Registry,Status,Onsite,HZ
435,TRML,40.6095,29.1735,204,Termal Yalova,20140101,Notes,NA,TL,NA,Yes,OPEN,OnSite,HZ
436,TSVK,40.6267,29.0873,70,Tesvkiye-YALOVA,20140101,Marsite,NA,TL,NA,Yes,OPEN,OnSite,HZ
437,AKAS,36.2327,29.6052,1279,ANTALYA-KAS,20050326,AFAD,T3M59/DF02,TU,[B] 3T/CMG-DM24,YES,OPEN,OnSite,HZ
438,AZEY,37.8105,38.2491,815,ADIYAMAN MERKEZ,20170303,AFAD,T39538/A7111,TU,[B] 3ESPC/CMG-DM24,Yes,OPEN,OnSite,HZ
439,BOZC,39.8417,26.0528,202,CANAKKALE-BOZCAADA,20060720,AFAD,T34697/A910,TU,[B] 3T/CMG-DM24,YES,OPEN,OnSite,HZ
440,GAZI,36.2347,32.3157,394,ANTALYA-GAZIPASA,20080308,AFAD,T35032/C145,TU,[B] 3T/CMG-DM24,YES,OPEN,OnSite,HZ
441,GCAM,37.7002,27.2335,38,AYDIN-KUSADASI,20070522,AFAD,T34253/B208,TU,[B] 3T/CMG-DM24,YES,OPEN,OnSite,HZ
442,KIZK,36.4803,34.1437,165, MERSIN-ERDEMLI,20090613,AFAD,T34118/A970,TU,[B] 3T/CMG-DM24,YES,OPEN,OnSite,HZ
443,KOPT,40.0179,40.4972,2489,ERZURUM-ASKALE,20060920,AFAD,T34079/B194,TU,[B] 3T/CMG-DM24,YES,OPEN,OnSite,HZ
444,KORT,37.0007,30.3503,1304,ANTALYA-KORKUTELI,20070306,AFAD,T35233/B437,TU,[B] 3T/CMG-DM24,YES,OPEN,OnSite,HZ
445,TURN,36.7753,28.2444,28,MUGLA-MARMARIS,20070521,AFAD,T34250/B224,TU,[B] 3T/CMG-DM24,YES,OPEN,OnSite,HZ
446,URLA,38.3602,26.5956,495,DDA,20050505,AFAD,T3M58/DF03,TU,[B] 3T/CMG-DM24,YES,CLOSED,20240110,HZ
447,YAYL,36.0343,36.107,1225,HATAY-YAYLADAGI,20061127,AFAD,T6931/C920,TU,[B] 6T/CMG-CD24,YES,OPEN,OnSite,HZ
448,YURE,36.8258,35.6323,491,DDA,20061203,AFAD,T35027/C148,TU,[B] 3T/CMG-DM24,YES,CLOSED,20240110,HZ
